instance_basename,BKS
hop_tsiligirides-1-10-0.1-2,20.0
hop_tsiligirides-1-10-0.1-3,20.0
hop_tsiligirides-1-10-0.1-4,20.0
hop_tsiligirides-1-10-0.1-5,20.0
hop_tsiligirides-1-10-0.2-2,20.0
hop_tsiligirides-1-10-0.2-3,30.9409383747
hop_tsiligirides-1-10-0.2-4,47.85408512792379
hop_tsiligirides-1-10-0.2-5,25.4432845409
hop_tsiligirides-1-10-0.3-2,27.0047387452
hop_tsiligirides-1-10-0.3-3,20.0
hop_tsiligirides-1-10-0.3-4,24.893726028
hop_tsiligirides-1-10-0.3-5,26.28282368243925
hop_tsiligirides-1-10-0.4-2,20.0
hop_tsiligirides-1-10-0.4-3,20.4557258814
hop_tsiligirides-1-10-0.4-4,50.78008364404471
hop_tsiligirides-1-10-0.4-5,54.2714419392
hop_tsiligirides-1-15-0.1-2,45.0
hop_tsiligirides-1-15-0.1-3,45.0
hop_tsiligirides-1-15-0.1-4,54.6757372167
hop_tsiligirides-1-15-0.1-5,45.0
hop_tsiligirides-1-15-0.2-2,45.0
hop_tsiligirides-1-15-0.2-3,45.0
hop_tsiligirides-1-15-0.2-4,60.3195214592
hop_tsiligirides-1-15-0.2-5,67.45732182930536
hop_tsiligirides-1-15-0.3-2,35.1334586511
hop_tsiligirides-1-15-0.3-3,43.63561600080534
hop_tsiligirides-1-15-0.3-4,45.0
hop_tsiligirides-1-15-0.3-5,51.7167884061
hop_tsiligirides-1-15-0.4-2,40.0
hop_tsiligirides-1-15-0.4-3,37.22078386060849
hop_tsiligirides-1-15-0.4-4,57.82377412953191
hop_tsiligirides-1-15-0.4-5,46.394801468749854
hop_tsiligirides-1-20-0.1-2,67.41631181082623
hop_tsiligirides-1-20-0.1-3,60.0
hop_tsiligirides-1-20-0.1-4,65.18266331994857
hop_tsiligirides-1-20-0.1-5,90.9570429422
hop_tsiligirides-1-20-0.2-2,45.0
hop_tsiligirides-1-20-0.2-3,57.1919757154
hop_tsiligirides-1-20-0.2-4,78.3409255857
hop_tsiligirides-1-20-0.2-5,65.0
hop_tsiligirides-1-20-0.3-2,55.0
hop_tsiligirides-1-20-0.3-3,55.0
hop_tsiligirides-1-20-0.3-4,58.1729029373
hop_tsiligirides-1-20-0.3-5,87.52915381994833
hop_tsiligirides-1-20-0.4-2,55.0
hop_tsiligirides-1-20-0.4-3,62.867356045223126
hop_tsiligirides-1-20-0.4-4,64.41594916853077
hop_tsiligirides-1-20-0.4-5,72.9134764618
hop_tsiligirides-1-25-0.1-2,75.0
hop_tsiligirides-1-25-0.1-3,85.0
hop_tsiligirides-1-25-0.1-4,85.0
hop_tsiligirides-1-25-0.1-5,90.0
hop_tsiligirides-1-25-0.2-2,85.0
hop_tsiligirides-1-25-0.2-3,80.0
hop_tsiligirides-1-25-0.2-4,90.0
hop_tsiligirides-1-25-0.2-5,88.33934444332846
hop_tsiligirides-1-25-0.3-2,85.0
hop_tsiligirides-1-25-0.3-3,75.47788395083829
hop_tsiligirides-1-25-0.3-4,89.6644761263
hop_tsiligirides-1-25-0.3-5,98.72768641942648
hop_tsiligirides-1-25-0.4-2,70.0
hop_tsiligirides-1-25-0.4-3,72.02180974931613
hop_tsiligirides-1-25-0.4-4,81.0695996399
hop_tsiligirides-1-25-0.4-5,92.63037227481664
hop_tsiligirides-1-30-0.1-2,110.0
hop_tsiligirides-1-30-0.1-3,105.0
hop_tsiligirides-1-30-0.1-4,95.0
hop_tsiligirides-1-30-0.1-5,114.42170229333688
hop_tsiligirides-1-30-0.2-2,80.0
hop_tsiligirides-1-30-0.2-3,95.0
hop_tsiligirides-1-30-0.2-4,110.0
hop_tsiligirides-1-30-0.2-5,105.0
hop_tsiligirides-1-30-0.3-2,90.0
hop_tsiligirides-1-30-0.3-3,77.85810281723063
hop_tsiligirides-1-30-0.3-4,95.0
hop_tsiligirides-1-30-0.3-5,98.9308230604
hop_tsiligirides-1-30-0.4-2,85.0
hop_tsiligirides-1-30-0.4-3,101.73561824
hop_tsiligirides-1-30-0.4-4,103.02394901681627
hop_tsiligirides-1-30-0.4-5,114.587438717
hop_tsiligirides-1-35-0.1-2,130.0
hop_tsiligirides-1-35-0.1-3,125.0
hop_tsiligirides-1-35-0.1-4,130.0
hop_tsiligirides-1-35-0.1-5,125.0
hop_tsiligirides-1-35-0.2-2,110.0
hop_tsiligirides-1-35-0.2-3,105.0
hop_tsiligirides-1-35-0.2-4,120.0
hop_tsiligirides-1-35-0.2-5,150.984485875
hop_tsiligirides-1-35-0.3-2,110.0
hop_tsiligirides-1-35-0.3-3,105.0
hop_tsiligirides-1-35-0.3-4,125.0
hop_tsiligirides-1-35-0.3-5,115.81611796578544
hop_tsiligirides-1-35-0.4-2,95.0
hop_tsiligirides-1-35-0.4-3,90.0
hop_tsiligirides-1-35-0.4-4,115.0
hop_tsiligirides-1-35-0.4-5,128.06614488962836
hop_tsiligirides-1-40-0.1-2,150.0
hop_tsiligirides-1-40-0.1-3,155.0
hop_tsiligirides-1-40-0.1-4,135.0
hop_tsiligirides-1-40-0.1-5,140.0
hop_tsiligirides-1-40-0.2-2,135.0
hop_tsiligirides-1-40-0.2-3,149.874312012
hop_tsiligirides-1-40-0.2-4,125.0
hop_tsiligirides-1-40-0.2-5,115.0
hop_tsiligirides-1-40-0.3-2,140.0
hop_tsiligirides-1-40-0.3-3,124.23449827677716
hop_tsiligirides-1-40-0.3-4,116.0266350916414
hop_tsiligirides-1-40-0.3-5,132.38478599414285
hop_tsiligirides-1-40-0.4-2,110.0
hop_tsiligirides-1-40-0.4-3,106.56531395027052
hop_tsiligirides-1-40-0.4-4,139.0529754844673
hop_tsiligirides-1-40-0.4-5,120.87574483509924
hop_tsiligirides-1-46-0.1-2,165.0
hop_tsiligirides-1-46-0.1-3,165.0
hop_tsiligirides-1-46-0.1-4,175.0
hop_tsiligirides-1-46-0.1-5,165.0
hop_tsiligirides-1-46-0.2-2,160.0
hop_tsiligirides-1-46-0.2-3,152.5971195522072
hop_tsiligirides-1-46-0.2-4,155.0
hop_tsiligirides-1-46-0.2-5,140.0
hop_tsiligirides-1-46-0.3-2,140.0
hop_tsiligirides-1-46-0.3-3,145.0
hop_tsiligirides-1-46-0.3-4,135.0
hop_tsiligirides-1-46-0.3-5,165.57262270516676
hop_tsiligirides-1-46-0.4-2,126.08234304841554
hop_tsiligirides-1-46-0.4-3,135.0
hop_tsiligirides-1-46-0.4-4,122.6115194859392
hop_tsiligirides-1-46-0.4-5,115.4561487995266
hop_tsiligirides-1-5-0.1-2,10.0
hop_tsiligirides-1-5-0.1-3,10.0
hop_tsiligirides-1-5-0.1-4,10.0
hop_tsiligirides-1-5-0.1-5,10.0
hop_tsiligirides-1-5-0.2-2,10.0
hop_tsiligirides-1-5-0.2-3,10.0
hop_tsiligirides-1-5-0.2-4,10.0
hop_tsiligirides-1-5-0.2-5,10.0
hop_tsiligirides-1-5-0.3-2,10.0
hop_tsiligirides-1-5-0.3-3,25.7406584434
hop_tsiligirides-1-5-0.3-4,36.3539403423
hop_tsiligirides-1-5-0.3-5,10.0
hop_tsiligirides-1-5-0.4-2,17.16983622710214
hop_tsiligirides-1-5-0.4-3,26.365635843516777
hop_tsiligirides-1-5-0.4-4,10.0
hop_tsiligirides-1-5-0.4-5,10.0
hop_tsiligirides-1-50-0.1-2,180.0
hop_tsiligirides-1-50-0.1-3,185.0
hop_tsiligirides-1-50-0.1-4,180.0
hop_tsiligirides-1-50-0.1-5,180.0
hop_tsiligirides-1-50-0.2-2,165.0
hop_tsiligirides-1-50-0.2-3,162.38955216060475
hop_tsiligirides-1-50-0.2-4,169.582845189
hop_tsiligirides-1-50-0.2-5,155.0
hop_tsiligirides-1-50-0.3-2,145.0
hop_tsiligirides-1-50-0.3-3,155.0
hop_tsiligirides-1-50-0.3-4,155.9924272159427
hop_tsiligirides-1-50-0.3-5,150.0
hop_tsiligirides-1-50-0.4-2,145.0
hop_tsiligirides-1-50-0.4-3,130.0
hop_tsiligirides-1-50-0.4-4,151.58318073857825
hop_tsiligirides-1-50-0.4-5,150.2275955155555
hop_tsiligirides-1-55-0.1-2,195.0
hop_tsiligirides-1-55-0.1-3,190.0
hop_tsiligirides-1-55-0.1-4,200.0
hop_tsiligirides-1-55-0.1-5,195.0
hop_tsiligirides-1-55-0.2-2,168.872904099
hop_tsiligirides-1-55-0.2-3,185.0
hop_tsiligirides-1-55-0.2-4,175.0
hop_tsiligirides-1-55-0.2-5,185.0
hop_tsiligirides-1-55-0.3-2,170.0
hop_tsiligirides-1-55-0.3-3,182.173715165
hop_tsiligirides-1-55-0.3-4,175.0
hop_tsiligirides-1-55-0.3-5,159.11208424554042
hop_tsiligirides-1-55-0.4-2,140.0
hop_tsiligirides-1-55-0.4-3,164.177945319
hop_tsiligirides-1-55-0.4-4,145.0
hop_tsiligirides-1-55-0.4-5,174.93087985576605
hop_tsiligirides-1-60-0.1-2,210.0
hop_tsiligirides-1-60-0.1-3,215.0
hop_tsiligirides-1-60-0.1-4,200.0
hop_tsiligirides-1-60-0.1-5,210.0
hop_tsiligirides-1-60-0.2-2,195.0
hop_tsiligirides-1-60-0.2-3,190.0
hop_tsiligirides-1-60-0.2-4,185.0
hop_tsiligirides-1-60-0.2-5,221.93801113001777
hop_tsiligirides-1-60-0.3-2,190.0
hop_tsiligirides-1-60-0.3-3,195.0
hop_tsiligirides-1-60-0.3-4,210.0
hop_tsiligirides-1-60-0.3-5,196.73514403950284
hop_tsiligirides-1-60-0.4-2,155.0
hop_tsiligirides-1-60-0.4-3,165.0
hop_tsiligirides-1-60-0.4-4,155.0
hop_tsiligirides-1-60-0.4-5,165.0
hop_tsiligirides-1-65-0.1-2,225.0
hop_tsiligirides-1-65-0.1-3,230.0
hop_tsiligirides-1-65-0.1-4,235.0
hop_tsiligirides-1-65-0.1-5,230.0
hop_tsiligirides-1-65-0.2-2,210.0
hop_tsiligirides-1-65-0.2-3,215.0
hop_tsiligirides-1-65-0.2-4,219.51248897116653
hop_tsiligirides-1-65-0.2-5,210.0
hop_tsiligirides-1-65-0.3-2,190.0
hop_tsiligirides-1-65-0.3-3,190.0
hop_tsiligirides-1-65-0.3-4,196.05642465111245
hop_tsiligirides-1-65-0.3-5,185.0
hop_tsiligirides-1-65-0.4-2,175.0
hop_tsiligirides-1-65-0.4-3,163.9279661177752
hop_tsiligirides-1-65-0.4-4,172.42769367113328
hop_tsiligirides-1-65-0.4-5,170.05385942440557
hop_tsiligirides-1-70-0.1-2,245.0
hop_tsiligirides-1-70-0.1-3,245.0
hop_tsiligirides-1-70-0.1-4,230.0
hop_tsiligirides-1-70-0.1-5,255.340738826
hop_tsiligirides-1-70-0.2-2,200.0
hop_tsiligirides-1-70-0.2-3,217.5452649014849
hop_tsiligirides-1-70-0.2-4,226.14389420212063
hop_tsiligirides-1-70-0.2-5,220.0
hop_tsiligirides-1-70-0.3-2,190.0
hop_tsiligirides-1-70-0.3-3,195.0
hop_tsiligirides-1-70-0.3-4,185.0
hop_tsiligirides-1-70-0.3-5,210.0
hop_tsiligirides-1-70-0.4-2,181.16655777525852
hop_tsiligirides-1-70-0.4-3,170.60217659879254
hop_tsiligirides-1-70-0.4-4,167.72314565530905
hop_tsiligirides-1-70-0.4-5,170.0
hop_tsiligirides-1-73-0.1-2,245.0
hop_tsiligirides-1-73-0.1-3,250.0
hop_tsiligirides-1-73-0.1-4,250.0
hop_tsiligirides-1-73-0.1-5,245.0
hop_tsiligirides-1-73-0.2-2,210.0
hop_tsiligirides-1-73-0.2-3,215.0
hop_tsiligirides-1-73-0.2-4,215.0
hop_tsiligirides-1-73-0.2-5,235.7812722793592
hop_tsiligirides-1-73-0.3-2,190.0
hop_tsiligirides-1-73-0.3-3,210.0
hop_tsiligirides-1-73-0.3-4,190.0
hop_tsiligirides-1-73-0.3-5,205.0
hop_tsiligirides-1-73-0.4-2,170.0
hop_tsiligirides-1-73-0.4-3,185.0
hop_tsiligirides-1-73-0.4-4,175.0
hop_tsiligirides-1-73-0.4-5,185.0
hop_tsiligirides-1-75-0.1-2,245.0
hop_tsiligirides-1-75-0.1-3,250.0
hop_tsiligirides-1-75-0.1-4,245.0
hop_tsiligirides-1-75-0.1-5,245.0
hop_tsiligirides-1-75-0.2-2,230.0
hop_tsiligirides-1-75-0.2-3,225.0
hop_tsiligirides-1-75-0.2-4,225.0
hop_tsiligirides-1-75-0.2-5,230.0
hop_tsiligirides-1-75-0.3-2,200.0
hop_tsiligirides-1-75-0.3-3,185.0
hop_tsiligirides-1-75-0.3-4,205.260417026
hop_tsiligirides-1-75-0.3-5,195.0
hop_tsiligirides-1-75-0.4-2,170.0
hop_tsiligirides-1-75-0.4-3,160.0
hop_tsiligirides-1-75-0.4-4,185.0
hop_tsiligirides-1-75-0.4-5,165.0
hop_tsiligirides-1-80-0.1-2,260.0
hop_tsiligirides-1-80-0.1-3,255.0
hop_tsiligirides-1-80-0.1-4,265.0
hop_tsiligirides-1-80-0.1-5,250.0
hop_tsiligirides-1-80-0.2-2,230.0
hop_tsiligirides-1-80-0.2-3,225.0
hop_tsiligirides-1-80-0.2-4,237.947263326
hop_tsiligirides-1-80-0.2-5,230.0
hop_tsiligirides-1-80-0.3-2,205.0
hop_tsiligirides-1-80-0.3-3,195.0
hop_tsiligirides-1-80-0.3-4,232.692319638
hop_tsiligirides-1-80-0.3-5,205.0
hop_tsiligirides-1-80-0.4-2,175.0
hop_tsiligirides-1-80-0.4-3,180.0
hop_tsiligirides-1-80-0.4-4,193.111147636186
hop_tsiligirides-1-80-0.4-5,165.0
hop_tsiligirides-1-85-0.1-2,260.0
hop_tsiligirides-1-85-0.1-3,250.0
hop_tsiligirides-1-85-0.1-4,265.0
hop_tsiligirides-1-85-0.1-5,255.0
hop_tsiligirides-1-85-0.2-2,235.0
hop_tsiligirides-1-85-0.2-3,235.0
hop_tsiligirides-1-85-0.2-4,231.964771537
hop_tsiligirides-1-85-0.2-5,225.0
hop_tsiligirides-1-85-0.3-2,200.0
hop_tsiligirides-1-85-0.3-3,195.0
hop_tsiligirides-1-85-0.3-4,190.0
hop_tsiligirides-1-85-0.3-5,210.0
hop_tsiligirides-1-85-0.4-2,165.943891014
hop_tsiligirides-1-85-0.4-3,175.0
hop_tsiligirides-1-85-0.4-4,193.37479932206296
hop_tsiligirides-1-85-0.4-5,165.0
hop_tsiligirides-2-15-0.1-2,125.64969659207664
hop_tsiligirides-2-15-0.1-3,121.17011335220808
hop_tsiligirides-2-15-0.1-4,125.0
hop_tsiligirides-2-15-0.1-5,125.0
hop_tsiligirides-2-15-0.2-2,125.0
hop_tsiligirides-2-15-0.2-3,129.7267855412448
hop_tsiligirides-2-15-0.2-4,153.865419705
hop_tsiligirides-2-15-0.2-5,175.27943274
hop_tsiligirides-2-15-0.3-2,112.096107532
hop_tsiligirides-2-15-0.3-3,125.125702678
hop_tsiligirides-2-15-0.3-4,134.80509324946607
hop_tsiligirides-2-15-0.3-5,138.390095724
hop_tsiligirides-2-15-0.4-2,110.60512541245198
hop_tsiligirides-2-15-0.4-3,134.999300605
hop_tsiligirides-2-15-0.4-4,160.3638069714505
hop_tsiligirides-2-15-0.4-5,146.9733811863331
hop_tsiligirides-2-20-0.1-2,170.0
hop_tsiligirides-2-20-0.1-3,175.0
hop_tsiligirides-2-20-0.1-4,190.0
hop_tsiligirides-2-20-0.1-5,208.495634305
hop_tsiligirides-2-20-0.2-2,172.308872364
hop_tsiligirides-2-20-0.2-3,168.62676557541664
hop_tsiligirides-2-20-0.2-4,177.146151652
hop_tsiligirides-2-20-0.2-5,201.25113848626933
hop_tsiligirides-2-20-0.3-2,141.50909626315908
hop_tsiligirides-2-20-0.3-3,129.84749793129657
hop_tsiligirides-2-20-0.3-4,153.6030726791861
hop_tsiligirides-2-20-0.3-5,228.03929755442127
hop_tsiligirides-2-20-0.4-2,147.55607014032705
hop_tsiligirides-2-20-0.4-3,154.2097064030716
hop_tsiligirides-2-20-0.4-4,173.2319314001463
hop_tsiligirides-2-20-0.4-5,202.32963246107585
hop_tsiligirides-2-23-0.1-2,195.0
hop_tsiligirides-2-23-0.1-3,190.0
hop_tsiligirides-2-23-0.1-4,220.6166150550148
hop_tsiligirides-2-23-0.1-5,192.618464314
hop_tsiligirides-2-23-0.2-2,175.0
hop_tsiligirides-2-23-0.2-3,188.5003179013993
hop_tsiligirides-2-23-0.2-4,191.6956663263618
hop_tsiligirides-2-23-0.2-5,180.0
hop_tsiligirides-2-23-0.3-2,149.619917652
hop_tsiligirides-2-23-0.3-3,210.16300929908155
hop_tsiligirides-2-23-0.3-4,200.0
hop_tsiligirides-2-23-0.3-5,257.169714693
hop_tsiligirides-2-23-0.4-2,139.244587672
hop_tsiligirides-2-23-0.4-3,143.52069366820595
hop_tsiligirides-2-23-0.4-4,213.665486108
hop_tsiligirides-2-23-0.4-5,187.646609521
hop_tsiligirides-2-25-0.1-2,210.0
hop_tsiligirides-2-25-0.1-3,220.0
hop_tsiligirides-2-25-0.1-4,227.372430911
hop_tsiligirides-2-25-0.1-5,234.4329038291857
hop_tsiligirides-2-25-0.2-2,210.0
hop_tsiligirides-2-25-0.2-3,205.036409696
hop_tsiligirides-2-25-0.2-4,212.8878413322954
hop_tsiligirides-2-25-0.2-5,207.9786447730264
hop_tsiligirides-2-25-0.3-2,175.0
hop_tsiligirides-2-25-0.3-3,184.79980641143257
hop_tsiligirides-2-25-0.3-4,193.302060179
hop_tsiligirides-2-25-0.3-5,215.92197407
hop_tsiligirides-2-25-0.4-2,168.17308293703277
hop_tsiligirides-2-25-0.4-3,183.886007642
hop_tsiligirides-2-25-0.4-4,206.2624502811982
hop_tsiligirides-2-25-0.4-5,212.796597018
hop_tsiligirides-2-27-0.1-2,225.0
hop_tsiligirides-2-27-0.1-3,225.0
hop_tsiligirides-2-27-0.1-4,230.0
hop_tsiligirides-2-27-0.1-5,230.0
hop_tsiligirides-2-27-0.2-2,210.0
hop_tsiligirides-2-27-0.2-3,195.0
hop_tsiligirides-2-27-0.2-4,222.843952175
hop_tsiligirides-2-27-0.2-5,232.2943843534433
hop_tsiligirides-2-27-0.3-2,195.273384293
hop_tsiligirides-2-27-0.3-3,237.19151768
hop_tsiligirides-2-27-0.3-4,203.392604474
hop_tsiligirides-2-27-0.3-5,216.226641632
hop_tsiligirides-2-27-0.4-2,187.807893373
hop_tsiligirides-2-27-0.4-3,210.450515411
hop_tsiligirides-2-27-0.4-4,182.6829440451296
hop_tsiligirides-2-27-0.4-5,203.62616164749767
hop_tsiligirides-2-30-0.1-2,260.0
hop_tsiligirides-2-30-0.1-3,275.0
hop_tsiligirides-2-30-0.1-4,260.0
hop_tsiligirides-2-30-0.1-5,275.0
hop_tsiligirides-2-30-0.2-2,235.0
hop_tsiligirides-2-30-0.2-3,240.0
hop_tsiligirides-2-30-0.2-4,269.459646608
hop_tsiligirides-2-30-0.2-5,255.4739191722533
hop_tsiligirides-2-30-0.3-2,215.0
hop_tsiligirides-2-30-0.3-3,218.07412336702407
hop_tsiligirides-2-30-0.3-4,239.7660791762225
hop_tsiligirides-2-30-0.3-5,229.502372186
hop_tsiligirides-2-30-0.4-2,192.1068194551348
hop_tsiligirides-2-30-0.4-3,232.086756968236
hop_tsiligirides-2-30-0.4-4,235.563494039
hop_tsiligirides-2-30-0.4-5,233.32340241434252
hop_tsiligirides-2-32-0.1-2,290.0
hop_tsiligirides-2-32-0.1-3,275.0
hop_tsiligirides-2-32-0.1-4,290.0
hop_tsiligirides-2-32-0.1-5,310.8080264433164
hop_tsiligirides-2-32-0.2-2,265.0
hop_tsiligirides-2-32-0.2-3,265.0
hop_tsiligirides-2-32-0.2-4,285.631409759
hop_tsiligirides-2-32-0.2-5,294.0683626780447
hop_tsiligirides-2-32-0.3-2,250.0
hop_tsiligirides-2-32-0.3-3,245.0
hop_tsiligirides-2-32-0.3-4,261.4159417123903
hop_tsiligirides-2-32-0.3-5,275.16076112034114
hop_tsiligirides-2-32-0.4-2,220.0
hop_tsiligirides-2-32-0.4-3,248.1883820973118
hop_tsiligirides-2-32-0.4-4,259.126031579
hop_tsiligirides-2-32-0.4-5,279.643274531
hop_tsiligirides-2-35-0.1-2,320.0
hop_tsiligirides-2-35-0.1-3,315.0
hop_tsiligirides-2-35-0.1-4,315.0
hop_tsiligirides-2-35-0.1-5,318.4349564974522
hop_tsiligirides-2-35-0.2-2,290.0
hop_tsiligirides-2-35-0.2-3,285.0
hop_tsiligirides-2-35-0.2-4,275.0
hop_tsiligirides-2-35-0.2-5,316.618042478
hop_tsiligirides-2-35-0.3-2,270.0
hop_tsiligirides-2-35-0.3-3,295.0
hop_tsiligirides-2-35-0.3-4,265.869298395012
hop_tsiligirides-2-35-0.3-5,318.140764212
hop_tsiligirides-2-35-0.4-2,255.0
hop_tsiligirides-2-35-0.4-3,240.1088122461884
hop_tsiligirides-2-35-0.4-4,283.2303270351368
hop_tsiligirides-2-35-0.4-5,274.112506748
hop_tsiligirides-2-38-0.1-2,350.0
hop_tsiligirides-2-38-0.1-3,355.0
hop_tsiligirides-2-38-0.1-4,355.0
hop_tsiligirides-2-38-0.1-5,365.0
hop_tsiligirides-2-38-0.2-2,320.0
hop_tsiligirides-2-38-0.2-3,330.0
hop_tsiligirides-2-38-0.2-4,325.0
hop_tsiligirides-2-38-0.2-5,362.410143193
hop_tsiligirides-2-38-0.3-2,335.0
hop_tsiligirides-2-38-0.3-3,310.0
hop_tsiligirides-2-38-0.3-4,275.0
hop_tsiligirides-2-38-0.3-5,339.59429137338435
hop_tsiligirides-2-38-0.4-2,285.0
hop_tsiligirides-2-38-0.4-3,285.0
hop_tsiligirides-2-38-0.4-4,297.7099558652323
hop_tsiligirides-2-38-0.4-5,291.622439863
hop_tsiligirides-2-40-0.1-2,370.0
hop_tsiligirides-2-40-0.1-3,375.0
hop_tsiligirides-2-40-0.1-4,375.0
hop_tsiligirides-2-40-0.1-5,395.0
hop_tsiligirides-2-40-0.2-2,340.0
hop_tsiligirides-2-40-0.2-3,345.0
hop_tsiligirides-2-40-0.2-4,345.0
hop_tsiligirides-2-40-0.2-5,385.0
hop_tsiligirides-2-40-0.3-2,310.0
hop_tsiligirides-2-40-0.3-3,340.0
hop_tsiligirides-2-40-0.3-4,305.0
hop_tsiligirides-2-40-0.3-5,310.0
hop_tsiligirides-2-40-0.4-2,290.0
hop_tsiligirides-2-40-0.4-3,290.0
hop_tsiligirides-2-40-0.4-4,285.844455496458
hop_tsiligirides-2-40-0.4-5,321.0719075370922
hop_tsiligirides-2-45-0.1-2,430.0
hop_tsiligirides-2-45-0.1-3,430.0
hop_tsiligirides-2-45-0.1-4,430.0
hop_tsiligirides-2-45-0.1-5,440.0
hop_tsiligirides-2-45-0.2-2,360.0
hop_tsiligirides-2-45-0.2-3,350.0
hop_tsiligirides-2-45-0.2-4,390.0
hop_tsiligirides-2-45-0.2-5,414.979145169
hop_tsiligirides-2-45-0.3-2,340.0
hop_tsiligirides-2-45-0.3-3,361.11602605
hop_tsiligirides-2-45-0.3-4,361.691440425
hop_tsiligirides-2-45-0.3-5,363.011334903
hop_tsiligirides-2-45-0.4-2,320.0
hop_tsiligirides-2-45-0.4-3,260.0
hop_tsiligirides-2-45-0.4-4,328.647853871
hop_tsiligirides-2-45-0.4-5,292.9644304851491
hop_tsiligirides-3-100-0.1-2,701.069245268
hop_tsiligirides-3-100-0.1-3,740.0
hop_tsiligirides-3-100-0.1-4,730.0
hop_tsiligirides-3-100-0.1-5,720.0
hop_tsiligirides-3-100-0.2-2,600.0
hop_tsiligirides-3-100-0.2-3,650.0
hop_tsiligirides-3-100-0.2-4,640.0
hop_tsiligirides-3-100-0.2-5,670.0
hop_tsiligirides-3-100-0.3-2,520.0
hop_tsiligirides-3-100-0.3-3,561.500732531
hop_tsiligirides-3-100-0.3-4,540.0
hop_tsiligirides-3-100-0.3-5,535.798548532
hop_tsiligirides-3-100-0.4-2,493.735780179
hop_tsiligirides-3-100-0.4-3,549.9563291731835
hop_tsiligirides-3-100-0.4-4,633.424617144241
hop_tsiligirides-3-100-0.4-5,619.484871611
hop_tsiligirides-3-105-0.1-2,720.0
hop_tsiligirides-3-105-0.1-3,710.0
hop_tsiligirides-3-105-0.1-4,750.0
hop_tsiligirides-3-105-0.1-5,740.0
hop_tsiligirides-3-105-0.2-2,630.0
hop_tsiligirides-3-105-0.2-3,660.0
hop_tsiligirides-3-105-0.2-4,630.0
hop_tsiligirides-3-105-0.2-5,660.0
hop_tsiligirides-3-105-0.3-2,560.0
hop_tsiligirides-3-105-0.3-3,570.639364587
hop_tsiligirides-3-105-0.3-4,570.0
hop_tsiligirides-3-105-0.3-5,605.91593023
hop_tsiligirides-3-105-0.4-2,519.3741593684664
hop_tsiligirides-3-105-0.4-3,500.0
hop_tsiligirides-3-105-0.4-4,533.658185990124
hop_tsiligirides-3-105-0.4-5,560.042533995
hop_tsiligirides-3-110-0.1-2,710.0
hop_tsiligirides-3-110-0.1-3,710.0
hop_tsiligirides-3-110-0.1-4,730.0
hop_tsiligirides-3-110-0.1-5,740.0
hop_tsiligirides-3-110-0.2-2,580.0
hop_tsiligirides-3-110-0.2-3,660.0
hop_tsiligirides-3-110-0.2-4,688.5673013554003
hop_tsiligirides-3-110-0.2-5,708.999804519
hop_tsiligirides-3-110-0.3-2,530.0
hop_tsiligirides-3-110-0.3-3,603.4390756343275
hop_tsiligirides-3-110-0.3-4,636.485857472
hop_tsiligirides-3-110-0.3-5,558.3381929240392
hop_tsiligirides-3-110-0.4-2,550.0
hop_tsiligirides-3-110-0.4-3,450.0
hop_tsiligirides-3-110-0.4-4,500.0
hop_tsiligirides-3-110-0.4-5,517.3193600917131
hop_tsiligirides-3-15-0.1-2,170.0
hop_tsiligirides-3-15-0.1-3,170.0
hop_tsiligirides-3-15-0.1-4,170.0
hop_tsiligirides-3-15-0.1-5,170.0
hop_tsiligirides-3-15-0.2-2,130.0
hop_tsiligirides-3-15-0.2-3,168.08897354613885
hop_tsiligirides-3-15-0.2-4,270.2685587051517
hop_tsiligirides-3-15-0.2-5,167.8715062590283
hop_tsiligirides-3-15-0.3-2,173.08466247321573
hop_tsiligirides-3-15-0.3-3,153.342898999
hop_tsiligirides-3-15-0.3-4,150.0
hop_tsiligirides-3-15-0.3-5,302.674122769
hop_tsiligirides-3-15-0.4-2,130.858446536
hop_tsiligirides-3-15-0.4-3,164.9358104690168
hop_tsiligirides-3-15-0.4-4,274.45848240340166
hop_tsiligirides-3-15-0.4-5,167.653332543
hop_tsiligirides-3-20-0.1-2,190.0
hop_tsiligirides-3-20-0.1-3,203.29988386203703
hop_tsiligirides-3-20-0.1-4,180.0
hop_tsiligirides-3-20-0.1-5,200.0
hop_tsiligirides-3-20-0.2-2,180.0
hop_tsiligirides-3-20-0.2-3,181.376828676
hop_tsiligirides-3-20-0.2-4,190.0
hop_tsiligirides-3-20-0.2-5,233.3326528802364
hop_tsiligirides-3-20-0.3-2,178.34507917104122
hop_tsiligirides-3-20-0.3-3,181.599880291
hop_tsiligirides-3-20-0.3-4,220.04251322721004
hop_tsiligirides-3-20-0.3-5,190.0
hop_tsiligirides-3-20-0.4-2,167.040757485
hop_tsiligirides-3-20-0.4-3,166.911515754
hop_tsiligirides-3-20-0.4-4,214.022748055
hop_tsiligirides-3-20-0.4-5,202.4084457390689
hop_tsiligirides-3-25-0.1-2,250.0
hop_tsiligirides-3-25-0.1-3,240.0
hop_tsiligirides-3-25-0.1-4,250.0
hop_tsiligirides-3-25-0.1-5,246.72116899
hop_tsiligirides-3-25-0.2-2,260.0
hop_tsiligirides-3-25-0.2-3,202.448200318
hop_tsiligirides-3-25-0.2-4,265.39133599102087
hop_tsiligirides-3-25-0.2-5,267.072526339
hop_tsiligirides-3-25-0.3-2,230.0
hop_tsiligirides-3-25-0.3-3,247.81258887324515
hop_tsiligirides-3-25-0.3-4,224.7377629432372
hop_tsiligirides-3-25-0.3-5,221.1520518784644
hop_tsiligirides-3-25-0.4-2,190.0
hop_tsiligirides-3-25-0.4-3,195.5599775260341
hop_tsiligirides-3-25-0.4-4,228.218941901
hop_tsiligirides-3-25-0.4-5,358.61778968413165
hop_tsiligirides-3-30-0.1-2,300.0
hop_tsiligirides-3-30-0.1-3,322.394269036
hop_tsiligirides-3-30-0.1-4,310.0
hop_tsiligirides-3-30-0.1-5,319.356684433
hop_tsiligirides-3-30-0.2-2,259.306789106
hop_tsiligirides-3-30-0.2-3,338.0463868064603
hop_tsiligirides-3-30-0.2-4,253.4156946312885
hop_tsiligirides-3-30-0.2-5,299.650095307
hop_tsiligirides-3-30-0.3-2,250.0
hop_tsiligirides-3-30-0.3-3,245.8997903691721
hop_tsiligirides-3-30-0.3-4,266.12789221
hop_tsiligirides-3-30-0.3-5,284.4313205382856
hop_tsiligirides-3-30-0.4-2,248.14161005013943
hop_tsiligirides-3-30-0.4-3,326.267535057
hop_tsiligirides-3-30-0.4-4,260.0
hop_tsiligirides-3-30-0.4-5,293.92343816438705
hop_tsiligirides-3-35-0.1-2,370.0
hop_tsiligirides-3-35-0.1-3,330.0
hop_tsiligirides-3-35-0.1-4,350.0
hop_tsiligirides-3-35-0.1-5,360.0
hop_tsiligirides-3-35-0.2-2,328.0455726211204
hop_tsiligirides-3-35-0.2-3,377.70060323
hop_tsiligirides-3-35-0.2-4,360.0
hop_tsiligirides-3-35-0.2-5,340.0
hop_tsiligirides-3-35-0.3-2,327.1982091132103
hop_tsiligirides-3-35-0.3-3,388.765640488
hop_tsiligirides-3-35-0.3-4,310.155380338
hop_tsiligirides-3-35-0.3-5,341.385009096
hop_tsiligirides-3-35-0.4-2,310.9417997814847
hop_tsiligirides-3-35-0.4-3,300.0
hop_tsiligirides-3-35-0.4-4,274.4671883743805
hop_tsiligirides-3-35-0.4-5,433.5316030943255
hop_tsiligirides-3-40-0.1-2,420.0
hop_tsiligirides-3-40-0.1-3,380.0
hop_tsiligirides-3-40-0.1-4,400.0
hop_tsiligirides-3-40-0.1-5,377.6078515671661
hop_tsiligirides-3-40-0.2-2,370.0
hop_tsiligirides-3-40-0.2-3,340.0
hop_tsiligirides-3-40-0.2-4,442.5693573820066
hop_tsiligirides-3-40-0.2-5,370.0
hop_tsiligirides-3-40-0.3-2,386.4103078962489
hop_tsiligirides-3-40-0.3-3,376.7303401790121
hop_tsiligirides-3-40-0.3-4,480.442350592182
hop_tsiligirides-3-40-0.3-5,467.46383050545967
hop_tsiligirides-3-40-0.4-2,250.0
hop_tsiligirides-3-40-0.4-3,370.0
hop_tsiligirides-3-40-0.4-4,389.24225854113
hop_tsiligirides-3-40-0.4-5,521.994723397
hop_tsiligirides-3-45-0.1-2,450.0
hop_tsiligirides-3-45-0.1-3,420.0
hop_tsiligirides-3-45-0.1-4,430.0
hop_tsiligirides-3-45-0.1-5,545.4744617171602
hop_tsiligirides-3-45-0.2-2,440.0
hop_tsiligirides-3-45-0.2-3,380.0
hop_tsiligirides-3-45-0.2-4,456.554328348
hop_tsiligirides-3-45-0.2-5,454.7271118152541
hop_tsiligirides-3-45-0.3-2,390.0
hop_tsiligirides-3-45-0.3-3,400.0
hop_tsiligirides-3-45-0.3-4,502.9742572500511
hop_tsiligirides-3-45-0.3-5,381.6215308817417
hop_tsiligirides-3-45-0.4-2,370.0
hop_tsiligirides-3-45-0.4-3,352.42505999906206
hop_tsiligirides-3-45-0.4-4,405.219332395
hop_tsiligirides-3-45-0.4-5,429.7907588360157
hop_tsiligirides-3-50-0.1-2,470.0
hop_tsiligirides-3-50-0.1-3,490.0
hop_tsiligirides-3-50-0.1-4,532.064400304
hop_tsiligirides-3-50-0.1-5,490.0
hop_tsiligirides-3-50-0.2-2,440.0
hop_tsiligirides-3-50-0.2-3,500.0
hop_tsiligirides-3-50-0.2-4,480.0
hop_tsiligirides-3-50-0.2-5,486.961535042
hop_tsiligirides-3-50-0.3-2,430.0
hop_tsiligirides-3-50-0.3-3,360.0
hop_tsiligirides-3-50-0.3-4,450.0
hop_tsiligirides-3-50-0.3-5,392.3062511492902
hop_tsiligirides-3-50-0.4-2,360.0
hop_tsiligirides-3-50-0.4-3,372.9474094093802
hop_tsiligirides-3-50-0.4-4,360.6029868141694
hop_tsiligirides-3-50-0.4-5,397.9526135121556
hop_tsiligirides-3-55-0.1-2,510.0
hop_tsiligirides-3-55-0.1-3,540.0
hop_tsiligirides-3-55-0.1-4,460.0
hop_tsiligirides-3-55-0.1-5,530.0
hop_tsiligirides-3-55-0.2-2,474.5462555403336
hop_tsiligirides-3-55-0.2-3,480.0
hop_tsiligirides-3-55-0.2-4,470.0
hop_tsiligirides-3-55-0.2-5,480.0
hop_tsiligirides-3-55-0.3-2,410.0
hop_tsiligirides-3-55-0.3-3,456.146113796
hop_tsiligirides-3-55-0.3-4,430.0
hop_tsiligirides-3-55-0.3-5,450.2737082202381
hop_tsiligirides-3-55-0.4-2,383.2522141383998
hop_tsiligirides-3-55-0.4-3,352.8191675201832
hop_tsiligirides-3-55-0.4-4,453.983748941
hop_tsiligirides-3-55-0.4-5,445.076608712
hop_tsiligirides-3-60-0.1-2,520.0
hop_tsiligirides-3-60-0.1-3,504.3875805202686
hop_tsiligirides-3-60-0.1-4,530.0
hop_tsiligirides-3-60-0.1-5,682.80087897
hop_tsiligirides-3-60-0.2-2,480.0
hop_tsiligirides-3-60-0.2-3,514.2827578980023
hop_tsiligirides-3-60-0.2-4,539.4639794580687
hop_tsiligirides-3-60-0.2-5,560.0
hop_tsiligirides-3-60-0.3-2,431.5728179323725
hop_tsiligirides-3-60-0.3-3,470.0
hop_tsiligirides-3-60-0.3-4,470.0
hop_tsiligirides-3-60-0.3-5,465.4340363464126
hop_tsiligirides-3-60-0.4-2,445.040480543
hop_tsiligirides-3-60-0.4-3,424.15520130810256
hop_tsiligirides-3-60-0.4-4,390.0
hop_tsiligirides-3-60-0.4-5,525.7223740948397
hop_tsiligirides-3-65-0.1-2,590.0
hop_tsiligirides-3-65-0.1-3,550.0
hop_tsiligirides-3-65-0.1-4,580.0
hop_tsiligirides-3-65-0.1-5,590.0
hop_tsiligirides-3-65-0.2-2,560.0
hop_tsiligirides-3-65-0.2-3,540.0
hop_tsiligirides-3-65-0.2-4,520.0
hop_tsiligirides-3-65-0.2-5,550.0
hop_tsiligirides-3-65-0.3-2,533.70848693
hop_tsiligirides-3-65-0.3-3,550.1674324431624
hop_tsiligirides-3-65-0.3-4,577.299900682
hop_tsiligirides-3-65-0.3-5,582.8669851662669
hop_tsiligirides-3-65-0.4-2,430.0
hop_tsiligirides-3-65-0.4-3,430.0
hop_tsiligirides-3-65-0.4-4,430.0
hop_tsiligirides-3-65-0.4-5,470.0
hop_tsiligirides-3-70-0.1-2,610.0
hop_tsiligirides-3-70-0.1-3,600.0
hop_tsiligirides-3-70-0.1-4,610.0
hop_tsiligirides-3-70-0.1-5,620.0
hop_tsiligirides-3-70-0.2-2,590.0
hop_tsiligirides-3-70-0.2-3,560.0
hop_tsiligirides-3-70-0.2-4,580.0
hop_tsiligirides-3-70-0.2-5,668.5356876370068
hop_tsiligirides-3-70-0.3-2,490.0
hop_tsiligirides-3-70-0.3-3,543.1863931334059
hop_tsiligirides-3-70-0.3-4,531.0844798458584
hop_tsiligirides-3-70-0.3-5,560.0
hop_tsiligirides-3-70-0.4-2,460.0
hop_tsiligirides-3-70-0.4-3,458.6643718824873
hop_tsiligirides-3-70-0.4-4,430.0
hop_tsiligirides-3-70-0.4-5,612.551291417097
hop_tsiligirides-3-75-0.1-2,640.0
hop_tsiligirides-3-75-0.1-3,650.0
hop_tsiligirides-3-75-0.1-4,650.0
hop_tsiligirides-3-75-0.1-5,660.0
hop_tsiligirides-3-75-0.2-2,580.0
hop_tsiligirides-3-75-0.2-3,620.483338052
hop_tsiligirides-3-75-0.2-4,550.0
hop_tsiligirides-3-75-0.2-5,567.921730877
hop_tsiligirides-3-75-0.3-2,570.0
hop_tsiligirides-3-75-0.3-3,570.0
hop_tsiligirides-3-75-0.3-4,555.824190284175
hop_tsiligirides-3-75-0.3-5,682.296740822
hop_tsiligirides-3-75-0.4-2,418.890771568
hop_tsiligirides-3-75-0.4-3,546.626403382
hop_tsiligirides-3-75-0.4-4,575.2078759923597
hop_tsiligirides-3-75-0.4-5,589.3458165567392
hop_tsiligirides-3-80-0.1-2,680.0
hop_tsiligirides-3-80-0.1-3,690.0
hop_tsiligirides-3-80-0.1-4,679.1371628994676
hop_tsiligirides-3-80-0.1-5,670.0
hop_tsiligirides-3-80-0.2-2,620.0
hop_tsiligirides-3-80-0.2-3,690.0
hop_tsiligirides-3-80-0.2-4,662.941501476
hop_tsiligirides-3-80-0.2-5,640.0
hop_tsiligirides-3-80-0.3-2,520.0
hop_tsiligirides-3-80-0.3-3,550.0
hop_tsiligirides-3-80-0.3-4,625.722806927174
hop_tsiligirides-3-80-0.3-5,520.0
hop_tsiligirides-3-80-0.4-2,470.0
hop_tsiligirides-3-80-0.4-3,470.0
hop_tsiligirides-3-80-0.4-4,501.65158333671127
hop_tsiligirides-3-80-0.4-5,579.1162282253949
hop_tsiligirides-3-85-0.1-2,632.1178281733266
hop_tsiligirides-3-85-0.1-3,650.0
hop_tsiligirides-3-85-0.1-4,680.0
hop_tsiligirides-3-85-0.1-5,700.0
hop_tsiligirides-3-85-0.2-2,650.0
hop_tsiligirides-3-85-0.2-3,630.0
hop_tsiligirides-3-85-0.2-4,648.281781515
hop_tsiligirides-3-85-0.2-5,620.0
hop_tsiligirides-3-85-0.3-2,573.438740043
hop_tsiligirides-3-85-0.3-3,570.0
hop_tsiligirides-3-85-0.3-4,590.9300478233
hop_tsiligirides-3-85-0.3-5,626.100758037
hop_tsiligirides-3-85-0.4-2,520.5992795452112
hop_tsiligirides-3-85-0.4-3,520.0
hop_tsiligirides-3-85-0.4-4,553.343409523
hop_tsiligirides-3-85-0.4-5,513.7052283051885
hop_tsiligirides-3-90-0.1-2,750.0
hop_tsiligirides-3-90-0.1-3,710.0
hop_tsiligirides-3-90-0.1-4,690.0
hop_tsiligirides-3-90-0.1-5,763.4303481253875
hop_tsiligirides-3-90-0.2-2,630.0
hop_tsiligirides-3-90-0.2-3,620.0
hop_tsiligirides-3-90-0.2-4,670.0
hop_tsiligirides-3-90-0.2-5,680.0
hop_tsiligirides-3-90-0.3-2,570.0
hop_tsiligirides-3-90-0.3-3,570.1700318892937
hop_tsiligirides-3-90-0.3-4,656.4311370001656
hop_tsiligirides-3-90-0.3-5,530.0
hop_tsiligirides-3-90-0.4-2,470.0
hop_tsiligirides-3-90-0.4-3,490.0
hop_tsiligirides-3-90-0.4-4,612.305062499751
hop_tsiligirides-3-90-0.4-5,538.3887964052202
hop_tsiligirides-3-95-0.1-2,750.0
hop_tsiligirides-3-95-0.1-3,780.5581800140666
hop_tsiligirides-3-95-0.1-4,720.0
hop_tsiligirides-3-95-0.1-5,830.3718463401284
hop_tsiligirides-3-95-0.2-2,600.0
hop_tsiligirides-3-95-0.2-3,654.9378902193488
hop_tsiligirides-3-95-0.2-4,629.989241163
hop_tsiligirides-3-95-0.2-5,700.0
hop_tsiligirides-3-95-0.3-2,570.0
hop_tsiligirides-3-95-0.3-3,520.1695530651297
hop_tsiligirides-3-95-0.3-4,553.035075919003
hop_tsiligirides-3-95-0.3-5,612.41524888
hop_tsiligirides-3-95-0.4-2,450.0
hop_tsiligirides-3-95-0.4-3,483.693323177044
hop_tsiligirides-3-95-0.4-4,595.2186550823885
hop_tsiligirides-3-95-0.4-5,619.919453724022
